id,name,food_group,calories,protein,carbs,total_fat,saturated_fat,unsaturated_fat,trans_fat,cholesterol,fiber,sugar,sodium,potassium,calcium,iron,magnesium,vitamin_a,vitamin_c,vitamin_d,vitamin_b12,glycemic_index,glycemic_load,fodmap_level,insulin_index,contains_gluten,contains_dairy,contains_nuts,contains_shellfish,contains_eggs,contains_soy,contains_fish,contains_wheat,flavor_profile,texture,spice_level,average_cost,seasonal_availability,prep_time,vegetarian,vegan,pescatarian,keto_friendly,paleo_friendly,diabetes_friendly,heart_healthy,kidney_friendly,liver_friendly,cuisine_origins,breakfast_friendly,lunch_friendly,dinner_friendly,snack_friendly,sleep_impact,stress_impact
1,Ingredient_1,Oils,280,22.6,4.1,8.6,9.4,18.7,0.91,9.7,13.0,7.1,594.3,438.2,52.1,9.8,93.9,9896.1,29.8,48.1,1.62,21,10,Medium,26,1,0,0,0,1,0,0,1,Sour,Tender,9,0.69,Winter,13,1,0,1,0,0,1,0,1,0,Asian,0,0,0,0,Negative,Positive
2,Ingredient_2,Vegetables,295,25.5,4.4,6.2,4.0,15.8,0.09,10.9,0.1,12.6,8.2,787.6,358.9,1.2,67.5,5457.3,79.3,25.6,2.1,58,24,High,9,1,0,0,0,0,0,0,0,Salty,Soft,3,7.51,Spring,3,0,0,0,0,0,0,0,1,0,Global,0,1,1,0,Negative,Negative
3,Ingredient_3,Vegetables,315,9.8,17.9,29.2,5.0,19.1,0.32,5.2,11.2,3.5,160.4,41.9,115.5,1.0,188.5,4067.6,27.6,44.6,2.4,96,14,High,94,1,0,0,0,0,0,0,0,Salty,Creamy,0,0.8,Spring,17,0,0,0,0,1,1,1,0,0,Asian,0,0,0,0,Negative,Positive
4,Ingredient_4,Herbs/Spices,82,21.5,0.1,17.9,6.9,19.0,0.88,10.2,12.7,3.4,187.2,274.0,188.6,5.2,150.5,6565.2,16.0,16.8,0.04,8,23,Low,9,0,0,1,0,0,0,0,0,Salty,Chewy,7,9.39,Spring,1,1,1,1,0,0,0,0,1,0,Mexican,0,1,0,0,Neutral,Positive
5,Ingredient_5,Grains,151,15.0,28.4,3.7,5.3,19.8,0.61,68.5,5.0,7.5,820.4,604.1,399.6,3.7,161.0,1126.6,58.9,13.3,0.62,19,13,Low,29,0,0,1,0,0,0,0,1,Sour,Firm,4,4.61,All year,5,0,1,1,1,1,1,0,0,1,Global,1,1,1,1,Negative,Positive
6,Ingredient_6,Nuts/Seeds,266,0.2,1.0,29.7,3.3,16.4,0.7,29.2,3.3,9.6,957.3,358.1,306.8,7.1,14.0,4871.5,12.6,28.8,3.42,28,1,Low,19,0,0,1,0,0,0,0,0,Savory,Creamy,7,6.8,Fall,11,0,1,1,0,1,1,1,1,0,Indian,1,1,1,0,Neutral,Positive
7,Ingredient_7,Protein,382,25.1,0.2,2.0,1.6,4.0,0.92,80.7,9.9,16.1,383.6,117.3,482.2,5.5,24.6,1445.5,80.1,3.9,0.92,57,18,Medium,42,0,0,0,0,0,0,0,0,Savory,Crunchy,1,5.88,All year,11,0,0,1,1,1,0,1,1,0,Global,1,1,1,0,Neutral,Negative
8,Ingredient_8,Herbs/Spices,54,9.7,46.0,17.0,9.7,11.5,0.13,98.8,2.4,17.6,812.7,297.2,233.3,8.1,7.6,4623.0,4.4,9.4,0.16,90,4,Low,98,1,1,0,0,0,0,0,0,Salty,Crispy,6,6.51,Spring,3,0,1,1,0,0,0,0,0,1,Mexican,0,0,1,0,Positive,Negative
9,Ingredient_9,Dairy,166,17.1,11.6,3.0,3.4,10.8,0.74,23.6,9.5,18.6,598.8,249.9,303.5,2.5,178.9,5404.0,37.7,49.9,4.46,59,7,Medium,14,1,1,0,0,0,0,0,0,Bitter,Firm,5,1.11,Summer,5,0,1,1,1,1,1,1,0,0,Indian,1,1,1,1,Neutral,Neutral
10,Ingredient_10,Protein,173,13.4,45.6,25.2,3.8,16.8,0.48,56.9,6.8,3.8,878.9,886.1,362.5,2.3,31.3,1015.6,77.4,48.8,3.21,89,0,Medium,17,0,0,0,0,1,0,0,0,Savory,Crunchy,8,6.12,Fall,1,0,1,0,0,0,0,1,0,0,Asian,0,0,1,1,Negative,Positive
11,Ingredient_11,Protein,105,18.8,6.5,20.3,9.7,12.6,0.4,49.8,2.8,16.2,252.3,323.0,445.3,7.6,110.6,5104.7,79.7,15.3,0.82,79,7,High,60,0,0,1,0,0,1,1,1,Sour,Chewy,10,1.45,Summer,16,0,1,1,0,0,0,1,1,0,Global,1,0,1,1,Neutral,Negative
12,Ingredient_12,Fruits,111,13.5,8.4,15.7,7.0,4.4,0.62,78.7,7.7,2.2,217.5,398.8,159.1,7.6,188.7,8599.3,31.8,30.0,2.88,47,12,Medium,1,0,1,1,0,0,0,0,0,Savory,Crispy,8,7.98,Spring,14,1,0,0,1,0,1,0,1,0,Mexican,1,0,0,0,Negative,Neutral
13,Ingredient_13,Herbs/Spices,47,1.9,29.7,30.0,5.3,7.0,0.14,16.6,9.1,3.6,118.7,515.1,342.4,0.5,129.8,6456.0,17.8,36.9,0.03,40,11,High,72,0,0,0,1,0,0,0,0,Bitter,Tender,2,2.55,All year,17,1,0,1,1,1,0,1,1,0,Asian,0,0,1,0,Positive,Positive
14,Ingredient_14,Dairy,110,26.0,18.3,6.7,2.4,10.2,0.38,85.0,7.4,6.7,734.0,277.6,200.3,0.9,186.9,6540.8,31.3,30.2,1.1,68,2,High,33,1,0,0,0,0,0,0,0,Savory,Crispy,0,4.28,Spring,4,0,1,1,0,0,0,0,0,0,Asian,1,0,1,0,Negative,Positive
15,Ingredient_15,Herbs/Spices,36,15.3,40.6,21.7,8.0,14.7,0.2,50.4,0.7,10.3,749.6,450.1,472.1,7.5,151.4,8880.4,79.7,27.4,2.5,15,23,Medium,12,0,0,1,0,1,0,0,0,Sour,Soft,4,9.83,All year,11,0,0,1,1,0,1,0,0,1,Mediterranean,1,0,0,0,Neutral,Negative
16,Ingredient_16,Vegetables,133,23.2,48.7,20.2,2.0,1.5,0.84,56.1,5.9,17.6,913.4,416.8,75.5,1.9,27.4,7477.1,14.7,13.1,4.08,87,21,High,91,0,0,1,0,0,0,0,0,Savory,Chewy,9,2.96,Summer,14,0,0,0,1,1,1,0,1,0,Mediterranean,0,0,1,1,Positive,Negative
17,Ingredient_17,Oils,65,2.0,11.3,3.6,3.4,9.9,0.96,51.3,8.3,6.5,874.8,806.8,327.9,2.2,24.4,1847.4,38.7,36.2,3.53,45,7,Low,57,0,1,1,0,0,0,0,0,Savory,Soft,3,5.27,All year,9,0,1,0,0,0,0,0,1,1,Western,0,0,0,1,Negative,Neutral
18,Ingredient_18,Herbs/Spices,112,27.4,8.1,2.3,3.7,17.1,0.12,48.8,12.9,10.7,12.4,624.2,216.0,2.6,11.2,5626.1,81.6,0.2,0.54,15,14,Low,60,0,0,0,0,0,0,0,0,Neutral,Firm,1,7.66,Fall,19,0,1,0,0,0,0,1,1,1,Indian,0,0,0,0,Negative,Neutral
19,Ingredient_19,Vegetables,188,17.5,36.7,26.8,9.4,12.5,0.83,72.5,4.5,4.6,983.9,489.8,250.7,8.0,125.8,7540.2,24.9,20.4,1.8,2,15,Low,4,1,0,0,0,0,0,1,0,Savory,Soft,10,1.39,All year,15,1,1,1,1,0,0,0,1,0,Mediterranean,0,1,0,0,Positive,Negative
20,Ingredient_20,Grains,288,5.6,9.8,10.0,7.9,6.3,0.24,56.8,14.6,13.3,920.0,406.7,1.2,2.9,100.5,3197.9,4.3,17.8,0.09,37,5,Medium,56,0,0,0,1,0,0,0,0,Neutral,Chewy,0,1.11,Winter,16,1,1,0,1,1,1,0,1,0,Indian,1,0,0,0,Neutral,Positive
21,Ingredient_21,Herbs/Spices,342,7.0,38.2,16.3,5.0,14.2,0.1,38.3,12.1,3.0,288.5,705.0,300.0,0.7,47.9,787.2,26.2,13.2,3.81,71,0,High,34,0,0,0,0,0,0,0,0,Sweet,Soft,8,9.2,Summer,10,1,0,1,0,0,0,0,1,1,Mediterranean,0,1,0,0,Positive,Negative
22,Ingredient_22,Protein,264,13.4,19.5,16.9,2.3,4.0,0.91,62.6,1.5,13.8,465.3,256.2,465.2,3.5,39.5,7309.4,91.4,11.1,4.59,34,21,High,54,0,0,1,0,0,0,0,1,Sour,Tender,4,2.34,All year,18,0,1,0,0,0,1,1,1,0,Asian,1,1,0,0,Neutral,Neutral
23,Ingredient_23,Protein,162,29.1,11.1,2.7,6.8,0.7,0.79,36.9,11.5,11.3,173.3,312.5,236.0,7.0,69.6,1963.9,43.9,22.6,3.57,89,1,Low,71,1,0,0,0,0,0,0,0,Neutral,Firm,7,9.19,Winter,15,1,0,0,1,0,0,0,0,0,Mexican,0,0,1,1,Positive,Negative
24,Ingredient_24,Fruits,206,0.1,36.7,18.6,9.6,15.7,0.75,76.9,14.6,16.6,173.4,189.7,242.1,8.6,193.3,9276.1,20.3,14.8,1.88,37,14,High,26,0,0,0,0,0,0,0,0,Sweet,Tender,9,7.81,Spring,10,1,1,1,0,1,0,0,1,0,Mexican,0,0,1,0,Neutral,Negative
25,Ingredient_25,Herbs/Spices,179,2.2,1.4,9.7,0.0,2.1,0.38,34.6,11.5,10.9,399.8,20.9,124.7,0.9,176.5,2206.1,92.3,19.7,2.33,20,3,High,81,0,0,0,0,1,0,0,0,Savory,Crunchy,5,8.69,Spring,4,0,1,1,0,0,0,1,0,0,Mexican,1,1,0,1,Neutral,Negative
26,Ingredient_26,Oils,249,29.7,9.1,0.9,6.9,16.5,0.59,29.4,0.4,16.3,354.3,989.7,125.5,7.9,142.0,9905.5,30.1,5.2,0.05,12,2,Low,83,0,0,1,0,0,0,0,1,Bitter,Chewy,3,0.65,Winter,13,0,1,0,1,0,0,0,0,0,Indian,1,0,0,1,Negative,Neutral
27,Ingredient_27,Fruits,206,9.9,12.5,10.3,8.4,3.8,0.82,38.8,10.6,14.8,193.9,281.4,193.6,3.2,53.8,4640.0,39.4,27.5,1.19,46,3,High,25,0,0,1,0,1,0,0,0,Savory,Chewy,7,8.63,Summer,11,0,0,0,1,1,1,0,0,1,Mexican,1,1,0,1,Positive,Positive
28,Ingredient_28,Vegetables,177,29.6,28.0,0.1,8.3,6.2,0.07,18.4,4.2,2.0,636.5,824.5,361.7,9.5,97.5,8203.1,16.1,36.3,2.75,67,8,High,65,0,1,0,0,0,0,0,0,Neutral,Chewy,1,7.77,Fall,13,1,0,1,1,1,0,0,1,1,Indian,0,1,0,1,Neutral,Negative
29,Ingredient_29,Grains,263,0.3,3.5,28.5,4.8,6.7,0.23,19.3,7.8,10.4,70.8,636.0,18.7,5.3,116.7,275.3,98.8,3.8,2.14,75,21,High,89,0,0,1,0,0,1,0,0,Savory,Crispy,7,8.01,All year,9,1,0,1,1,0,0,1,1,0,Mexican,1,1,1,1,Negative,Neutral
30,Ingredient_30,Protein,195,29.9,17.0,17.4,1.6,15.6,0.44,16.4,2.9,17.0,134.6,559.3,97.7,9.6,43.5,3802.2,91.1,29.4,4.68,91,17,High,30,0,0,0,0,0,0,0,0,Savory,Crunchy,9,1.37,Fall,8,1,0,1,1,1,1,0,1,0,Western,0,0,1,1,Neutral,Neutral
31,Ingredient_31,Vegetables,232,22.3,9.8,17.5,2.6,5.2,0.18,7.1,3.1,8.8,461.0,955.8,460.2,8.6,129.9,137.5,3.2,13.6,2.39,59,10,Low,7,1,0,0,0,0,0,0,0,Bitter,Chewy,4,2.79,Winter,15,1,0,0,1,1,0,0,0,1,Asian,0,1,1,1,Neutral,Negative
32,Ingredient_32,Dairy,36,3.8,21.5,7.9,5.7,9.2,0.95,71.6,3.8,9.4,91.8,881.6,434.2,3.7,177.8,8867.8,18.8,1.4,0.49,74,6,Low,85,0,1,0,0,1,0,0,0,Salty,Firm,5,6.85,Fall,19,0,1,1,1,0,0,1,1,1,Asian,1,0,1,1,Positive,Positive
33,Ingredient_33,Herbs/Spices,18,29.8,5.1,7.9,8.6,1.4,0.88,98.0,7.8,17.8,721.4,536.0,363.9,5.2,140.0,7727.7,4.0,10.1,4.37,45,7,Low,29,0,0,0,0,0,0,0,0,Bitter,Crispy,9,9.63,Summer,13,1,1,0,0,1,0,0,1,0,Asian,0,0,0,0,Positive,Positive
34,Ingredient_34,Grains,264,22.2,39.4,8.0,6.7,15.5,0.05,49.0,4.0,15.1,467.5,660.5,194.3,5.2,123.8,1952.7,0.9,28.1,1.45,65,24,Low,82,0,0,0,0,0,0,0,0,Sweet,Tender,10,9.05,Winter,17,1,0,0,1,1,1,1,1,1,Mexican,1,1,1,1,Negative,Positive
35,Ingredient_35,Herbs/Spices,146,12.9,49.2,9.2,7.3,17.3,0.97,10.4,9.4,11.5,257.7,904.9,455.6,8.9,106.0,3206.4,40.8,26.2,0.05,95,21,Medium,61,0,0,0,0,0,0,0,1,Sweet,Soft,5,9.06,Winter,12,1,0,1,1,0,0,0,0,1,Global,0,1,1,0,Negative,Negative
36,Ingredient_36,Herbs/Spices,108,3.8,40.2,19.6,7.7,5.4,0.16,50.7,4.3,14.4,109.4,903.3,282.0,9.6,153.6,5550.3,14.0,40.0,2.57,58,17,Medium,51,0,0,0,1,0,0,0,0,Sour,Crunchy,0,0.78,Spring,10,0,1,0,1,0,1,1,1,0,Western,1,1,0,1,Negative,Neutral
37,Ingredient_37,Vegetables,123,16.7,48.6,0.1,4.6,12.7,0.38,52.5,11.5,9.4,380.0,0.6,117.0,6.3,87.0,847.4,31.2,21.0,4.77,89,17,Medium,55,1,1,0,1,0,0,0,0,Salty,Creamy,2,9.97,Summer,13,0,1,0,0,1,0,1,1,0,Indian,0,0,0,0,Neutral,Negative
38,Ingredient_38,Protein,188,6.7,8.1,20.4,1.9,11.5,0.01,7.0,3.4,9.0,375.1,934.3,156.5,1.0,89.6,3481.7,49.8,49.8,1.51,67,2,Medium,91,0,0,0,0,0,0,0,1,Savory,Chewy,5,4.21,Spring,3,1,1,0,1,0,1,1,0,1,Indian,1,1,0,1,Neutral,Negative
39,Ingredient_39,Vegetables,59,7.7,25.1,19.6,5.0,17.4,0.23,42.8,14.7,14.6,194.3,632.2,86.9,4.8,96.6,8842.5,90.1,14.4,3.62,56,14,Low,45,0,0,0,1,0,0,0,0,Salty,Crunchy,8,5.32,Winter,11,0,1,1,0,1,1,0,1,0,Indian,0,0,1,0,Neutral,Positive
40,Ingredient_40,Herbs/Spices,324,0.3,29.5,18.6,7.1,5.3,0.69,1.4,12.4,9.1,220.8,737.9,327.2,3.3,106.3,7673.5,93.4,3.2,0.93,49,18,High,94,0,0,1,1,1,0,0,1,Neutral,Soft,3,9.39,Summer,8,0,1,0,1,0,1,1,1,0,Mediterranean,1,0,1,0,Neutral,Negative
41,Ingredient_41,Grains,248,22.0,10.8,23.9,0.6,3.4,0.54,22.8,10.5,17.3,371.5,578.0,172.2,7.6,97.0,2318.0,43.1,14.6,2.16,55,21,High,30,0,1,0,0,0,0,0,1,Salty,Soft,9,3.72,Spring,15,1,1,0,1,0,1,1,0,0,Global,0,1,0,0,Negative,Neutral
42,Ingredient_42,Oils,14,16.8,18.0,19.0,4.9,17.0,0.02,5.6,2.7,6.9,989.6,496.1,259.3,3.6,97.5,4506.9,89.2,46.1,4.7,67,1,Medium,71,0,0,0,0,0,0,0,0,Neutral,Creamy,8,2.31,Winter,9,1,1,0,1,0,1,1,0,0,Indian,0,1,1,0,Neutral,Positive
43,Ingredient_43,Fruits,218,6.7,25.6,6.5,5.3,2.3,0.0,47.7,5.0,0.7,235.2,112.9,328.1,6.4,137.2,1481.3,99.1,14.4,2.69,95,16,Medium,23,0,0,0,0,0,0,1,0,Salty,Creamy,9,7.53,All year,14,0,0,0,1,1,1,1,1,0,Mexican,0,1,0,1,Neutral,Neutral
44,Ingredient_44,Vegetables,386,26.3,27.9,22.3,4.2,1.3,0.9,48.9,9.3,12.5,340.4,626.6,122.0,6.1,43.1,8459.0,25.4,30.1,3.53,82,12,High,64,0,1,1,0,0,0,0,0,Sweet,Crispy,4,7.68,Fall,14,0,0,1,0,1,1,0,0,0,Mediterranean,1,1,0,1,Negative,Negative
45,Ingredient_45,Protein,115,18.5,18.4,3.7,1.8,17.5,0.47,66.1,10.9,9.2,758.5,705.6,312.0,4.7,79.2,877.3,20.5,33.7,2.71,7,13,High,41,0,0,1,1,0,0,0,0,Sour,Soft,1,3.07,Summer,3,0,1,1,1,1,0,1,0,1,Asian,0,1,1,1,Neutral,Neutral
46,Ingredient_46,Dairy,362,4.6,18.3,29.4,5.0,5.7,0.73,52.9,2.4,2.2,728.8,132.5,244.4,8.3,178.2,7877.2,19.8,1.9,0.73,18,6,Low,76,1,1,0,0,0,1,0,1,Bitter,Crispy,0,2.38,All year,9,0,1,1,0,1,1,1,1,1,Mediterranean,0,1,0,0,Positive,Negative
47,Ingredient_47,Grains,45,24.4,11.8,13.4,0.4,16.5,0.95,54.1,11.4,12.7,659.3,447.3,325.8,0.1,126.1,9602.2,38.1,12.2,1.11,95,9,Medium,79,1,0,0,1,0,1,0,0,Sour,Creamy,6,5.71,Winter,15,0,1,0,1,0,0,0,0,1,Global,0,1,0,1,Negative,Negative
48,Ingredient_48,Protein,127,1.8,24.6,26.2,5.2,2.1,0.29,31.6,2.0,6.9,437.6,604.8,188.1,2.2,85.9,1746.0,58.6,1.2,0.72,11,22,High,73,0,0,0,0,0,0,0,0,Sour,Chewy,9,3.41,All year,9,1,0,1,1,1,0,0,0,0,Asian,0,1,1,0,Negative,Negative
49,Ingredient_49,Protein,339,16.1,15.5,27.9,0.6,0.7,0.18,84.1,14.2,0.2,825.3,994.8,451.9,5.2,122.1,4552.2,37.0,47.7,4.34,74,0,Medium,74,0,0,1,0,0,0,0,0,Sour,Creamy,0,5.41,Summer,17,0,1,0,1,0,0,0,1,1,Global,0,1,0,0,Neutral,Negative
50,Ingredient_50,Grains,52,9.4,13.3,23.4,6.4,12.1,0.5,29.3,3.3,1.1,329.8,206.8,434.4,8.3,100.7,6698.2,82.5,31.4,4.26,69,15,Low,9,0,0,0,0,0,0,0,0,Sweet,Crispy,0,5.42,Spring,1,1,0,0,1,1,1,0,0,1,Global,0,0,1,0,Negative,Negative
51,Ingredient_51,Nuts/Seeds,234,8.1,31.5,16.0,8.3,12.5,0.98,1.6,5.8,4.9,209.9,320.2,412.4,2.1,98.0,645.9,99.0,32.2,1.93,52,1,Medium,60,0,0,0,0,0,0,0,0,Savory,Crunchy,3,1.62,Winter,4,0,0,1,1,1,0,0,1,0,Indian,1,0,1,1,Positive,Positive
52,Ingredient_52,Nuts/Seeds,24,20.2,13.2,11.2,0.0,2.6,0.26,93.4,3.9,5.9,648.5,729.2,151.9,9.9,100.2,9835.7,73.1,32.2,1.24,5,0,Low,23,0,0,1,1,0,0,0,0,Savory,Crispy,5,8.37,Fall,6,0,1,0,0,0,1,0,0,1,Global,1,1,0,0,Negative,Negative
53,Ingredient_53,Protein,62,11.8,4.0,4.0,5.0,2.3,0.81,0.8,9.8,3.9,250.2,615.8,401.7,0.3,187.2,1663.9,37.5,25.7,0.28,29,13,Low,48,0,0,1,0,0,0,0,0,Salty,Crispy,0,7.31,Summer,10,0,1,0,0,0,1,0,0,0,Mexican,1,1,0,0,Positive,Positive
54,Ingredient_54,Oils,31,12.8,38.3,17.7,2.9,0.0,0.39,20.6,11.3,14.2,865.5,150.7,494.3,4.9,32.4,726.4,72.5,32.1,0.44,54,17,Low,12,0,0,0,1,0,0,0,0,Neutral,Chewy,9,8.71,Fall,13,1,0,1,0,0,1,1,0,1,Indian,0,0,1,0,Negative,Neutral
55,Ingredient_55,Fruits,175,23.8,10.5,1.8,8.0,1.6,0.56,26.1,14.5,3.8,908.7,136.5,199.0,7.0,28.8,6160.0,2.4,31.8,0.36,59,20,Medium,78,0,0,0,0,0,0,0,0,Neutral,Creamy,7,7.77,Fall,3,0,0,0,0,0,0,0,0,0,Western,1,0,0,1,Neutral,Positive
56,Ingredient_56,Grains,19,28.0,23.7,5.5,3.2,2.7,0.5,64.0,3.0,8.7,517.6,654.0,408.1,6.2,11.3,7323.2,14.6,39.0,3.08,75,1,Low,91,0,1,1,0,0,0,0,1,Salty,Soft,0,4.19,Summer,12,0,1,0,1,0,0,1,1,0,Western,0,1,1,0,Neutral,Neutral
57,Ingredient_57,Fruits,316,14.1,46.8,12.0,9.9,17.9,0.64,10.2,1.7,1.5,657.8,901.4,330.5,5.2,169.1,1901.0,72.4,11.2,1.32,80,12,High,25,0,0,0,1,1,0,0,0,Bitter,Creamy,2,3.29,All year,17,0,0,0,0,0,1,1,1,0,Mediterranean,0,1,0,0,Positive,Negative
58,Ingredient_58,Protein,392,15.6,10.9,25.1,3.7,15.0,0.48,52.4,11.9,12.5,528.8,769.2,89.8,9.4,141.8,6328.8,67.6,0.4,0.01,73,18,High,49,0,1,0,0,0,0,0,0,Neutral,Chewy,7,5.35,Winter,11,0,0,0,1,1,0,0,0,0,Asian,0,1,0,1,Neutral,Neutral
59,Ingredient_59,Oils,380,7.3,15.5,6.2,0.8,7.6,0.07,57.0,8.2,18.6,855.0,838.8,51.9,5.4,109.8,4524.6,12.3,3.5,4.86,80,10,High,40,0,0,0,0,0,0,0,0,Sweet,Crunchy,4,2.51,All year,11,0,1,0,0,0,1,0,0,1,Western,1,0,0,0,Positive,Positive
60,Ingredient_60,Dairy,101,9.6,35.1,14.8,1.4,4.7,0.4,57.5,0.7,10.6,175.4,503.7,151.2,1.1,188.7,6100.8,29.5,10.3,3.49,43,22,Low,18,0,0,0,1,1,0,0,0,Salty,Crunchy,7,9.67,Summer,1,1,1,1,0,1,1,1,1,1,Indian,1,1,1,1,Neutral,Negative
61,Ingredient_61,Protein,342,11.3,47.1,25.8,7.3,1.5,0.27,75.9,2.2,5.0,125.8,764.0,366.7,3.1,80.2,9927.3,52.4,19.8,0.22,65,10,Medium,88,1,0,1,0,0,0,0,0,Sweet,Chewy,10,3.46,Winter,19,0,1,0,0,0,1,0,1,1,Mediterranean,1,0,0,1,Neutral,Positive
62,Ingredient_62,Vegetables,389,10.4,10.5,19.5,9.1,17.8,0.96,57.2,7.8,0.2,501.2,407.1,318.3,9.7,98.7,9158.9,76.9,44.8,1.19,87,17,High,13,1,0,0,0,0,0,0,1,Neutral,Creamy,2,3.01,Summer,16,0,0,0,0,1,1,1,1,1,Global,1,1,1,0,Negative,Negative
63,Ingredient_63,Dairy,70,28.5,23.1,28.7,3.8,3.3,0.13,61.0,6.7,1.2,469.0,186.5,419.7,6.2,145.7,1573.4,20.1,28.5,2.2,18,0,High,37,0,0,1,1,0,0,0,0,Neutral,Creamy,2,8.93,Winter,11,1,0,0,0,1,1,1,0,1,Mediterranean,1,1,1,0,Positive,Negative
64,Ingredient_64,Dairy,361,24.2,48.7,6.9,5.3,20.0,1.0,64.5,3.5,9.6,342.2,660.2,256.0,7.0,38.5,5523.5,46.3,3.6,2.56,1,24,Low,79,1,1,0,0,0,0,0,0,Salty,Creamy,6,1.54,Fall,17,0,0,1,1,0,1,1,0,1,Mediterranean,1,1,1,0,Positive,Negative
65,Ingredient_65,Grains,163,12.7,15.1,0.8,4.6,13.4,0.7,32.9,0.8,11.6,122.0,859.6,3.6,5.5,146.7,1879.5,86.1,13.2,0.09,49,2,High,99,0,0,1,0,0,0,0,0,Neutral,Soft,0,7.11,Spring,10,0,1,1,0,1,1,0,1,1,Mexican,1,0,1,1,Negative,Negative
66,Ingredient_66,Dairy,77,7.6,16.5,10.4,9.2,19.6,0.95,17.7,7.6,4.9,829.0,715.2,450.9,6.5,85.3,953.1,32.4,37.5,2.55,51,14,Low,76,0,0,1,0,1,0,0,0,Salty,Creamy,1,3.56,Fall,10,1,1,0,1,1,1,0,0,0,Asian,0,0,0,0,Positive,Positive
67,Ingredient_67,Fruits,187,24.6,2.7,7.3,0.1,1.0,0.38,47.1,14.0,13.2,547.7,299.5,30.1,6.9,161.5,5744.9,88.6,23.0,0.19,91,11,Low,37,1,0,0,1,0,0,0,0,Sour,Crunchy,10,1.72,Winter,6,1,0,1,0,1,0,0,1,0,Asian,0,1,1,1,Neutral,Neutral
68,Ingredient_68,Protein,340,26.7,31.9,23.5,2.5,5.6,0.4,40.7,1.4,13.0,46.0,478.5,300.5,2.4,71.7,7312.4,83.5,32.8,2.46,15,16,Medium,36,0,0,0,0,0,1,0,0,Salty,Creamy,1,3.24,All year,9,1,0,1,0,0,0,1,1,0,Mediterranean,0,0,0,0,Positive,Negative
69,Ingredient_69,Herbs/Spices,82,10.1,32.4,28.4,7.1,11.7,0.4,42.9,5.6,13.9,575.4,200.7,378.1,8.2,31.0,1862.0,63.1,37.4,4.84,35,18,Medium,6,1,0,0,0,0,0,0,0,Neutral,Crispy,10,5.36,Winter,2,1,0,1,0,1,0,0,1,0,Mexican,1,1,0,0,Positive,Negative
70,Ingredient_70,Vegetables,353,5.2,26.6,15.1,4.3,15.6,0.88,6.0,12.6,10.5,418.6,330.2,113.0,8.7,188.5,713.3,46.7,23.8,3.41,8,21,Medium,86,1,0,0,0,1,0,0,0,Bitter,Chewy,8,4.87,Spring,16,1,0,1,1,0,0,1,0,0,Global,1,1,0,0,Positive,Neutral
71,Ingredient_71,Vegetables,201,16.2,28.8,17.2,1.3,9.5,0.12,57.0,10.6,8.4,149.4,284.4,388.0,4.9,7.4,1107.6,36.3,13.0,2.39,62,0,High,32,0,0,1,1,0,0,0,0,Bitter,Creamy,5,5.46,Summer,18,1,0,1,1,1,0,1,0,0,Mediterranean,0,0,0,1,Positive,Neutral
72,Ingredient_72,Fruits,183,24.8,12.1,21.9,2.0,11.6,0.39,3.4,11.8,5.7,804.7,596.3,425.7,4.2,181.8,1101.0,22.0,40.8,1.5,62,7,Low,30,0,0,1,1,0,0,0,0,Sour,Creamy,3,3.67,All year,3,0,0,0,0,0,1,1,1,0,Mediterranean,0,1,0,0,Neutral,Negative
73,Ingredient_73,Vegetables,352,6.9,3.6,19.3,1.1,4.1,0.54,11.9,10.8,2.0,859.3,644.9,350.4,5.7,94.1,6219.4,2.0,24.4,1.26,62,22,Low,18,0,0,0,1,0,0,0,0,Savory,Soft,7,4.4,Winter,3,1,0,0,0,0,0,0,1,1,Global,1,1,0,1,Positive,Negative
74,Ingredient_74,Nuts/Seeds,205,3.9,8.0,4.9,1.4,11.6,0.23,26.2,13.0,5.1,462.5,426.7,399.5,3.5,54.0,1454.1,50.0,22.6,4.93,82,0,Low,2,1,0,0,0,0,0,1,0,Neutral,Creamy,1,1.76,Fall,9,0,0,0,0,1,0,0,0,1,Mexican,1,0,1,0,Negative,Positive
75,Ingredient_75,Dairy,193,29.1,7.0,4.2,5.3,3.0,0.13,45.7,2.3,12.8,70.6,632.8,496.6,7.6,95.5,304.7,96.4,28.2,4.03,3,3,High,52,1,0,0,1,0,0,0,0,Sour,Tender,8,1.98,Fall,7,0,0,0,0,0,1,1,0,1,Mediterranean,1,1,0,0,Negative,Positive
76,Ingredient_76,Grains,135,22.1,43.9,0.0,6.8,19.5,0.95,1.7,1.5,0.5,770.9,439.2,212.3,6.6,56.3,1437.2,35.5,21.7,0.9,81,12,Low,15,0,0,0,0,0,0,0,0,Bitter,Crunchy,0,1.57,All year,4,1,0,1,0,1,1,0,0,0,Western,0,0,1,1,Neutral,Neutral
77,Ingredient_77,Dairy,144,24.4,24.4,13.6,4.9,17.3,0.26,50.3,10.9,7.5,310.4,706.7,129.7,1.7,137.1,579.5,19.1,1.1,2.08,51,11,High,59,0,0,1,0,0,0,0,0,Neutral,Crunchy,1,4.01,Fall,13,0,0,0,0,1,0,0,0,0,Asian,1,0,0,1,Negative,Positive
78,Ingredient_78,Fruits,100,19.4,15.2,19.8,6.8,3.2,0.84,72.3,0.9,1.8,692.4,606.9,71.1,9.4,84.6,6892.2,61.5,43.9,0.3,89,12,High,93,1,0,0,1,0,0,0,0,Sour,Firm,3,9.99,Winter,7,1,0,1,1,1,1,1,0,1,Mexican,0,0,0,0,Positive,Positive
79,Ingredient_79,Herbs/Spices,216,0.6,37.5,7.8,3.7,3.9,0.05,30.3,3.8,2.5,145.8,882.7,85.1,5.8,64.8,1896.0,71.3,13.2,2.99,55,17,Medium,7,0,0,0,0,0,0,0,0,Neutral,Soft,10,3.05,Fall,3,0,0,0,0,0,1,1,1,0,Mediterranean,0,0,0,0,Neutral,Negative
80,Ingredient_80,Dairy,182,12.0,8.0,20.9,6.3,16.1,0.5,54.8,14.5,0.6,417.0,593.3,34.1,6.6,28.6,5728.4,39.4,10.5,4.62,84,5,Low,48,0,0,0,0,0,0,0,0,Sour,Creamy,0,6.66,All year,15,0,1,0,0,1,1,0,1,0,Western,0,0,0,0,Positive,Neutral
81,Ingredient_81,Dairy,130,18.3,34.8,27.7,6.8,7.4,0.47,65.0,13.6,3.6,552.2,868.3,85.8,3.1,5.0,4286.3,26.7,8.7,2.24,18,3,Medium,22,1,0,0,0,0,0,0,0,Sweet,Chewy,7,1.06,Winter,4,0,1,1,1,1,0,0,1,0,Mexican,0,0,0,0,Positive,Neutral
82,Ingredient_82,Oils,58,18.7,28.5,16.8,6.9,13.3,0.68,66.5,9.5,9.3,556.7,655.1,432.8,4.1,55.5,3467.5,68.6,4.3,4.68,16,21,Low,87,0,0,0,0,0,0,0,0,Bitter,Crunchy,9,7.01,Summer,14,1,0,1,1,1,1,1,1,1,Western,0,0,0,0,Positive,Positive
83,Ingredient_83,Nuts/Seeds,360,15.3,42.5,8.7,0.5,4.4,0.32,37.2,9.6,4.8,951.5,598.1,266.8,8.1,168.2,9586.5,41.2,17.9,2.9,0,12,Medium,16,0,0,1,0,0,1,0,0,Sour,Crunchy,3,8.31,All year,19,1,1,0,1,0,1,1,0,1,Indian,0,1,0,0,Neutral,Negative
84,Ingredient_84,Protein,179,17.9,32.8,23.4,7.0,5.6,0.47,36.1,2.6,7.0,378.8,237.2,146.1,6.1,33.2,2193.8,82.9,25.8,2.32,41,3,Medium,59,0,0,0,0,0,0,0,1,Sour,Crunchy,2,1.24,Fall,18,1,0,1,0,0,0,0,1,1,Global,0,0,0,1,Neutral,Negative
85,Ingredient_85,Fruits,74,11.5,32.8,22.3,3.1,8.0,0.85,71.0,5.5,9.5,445.8,543.4,364.9,4.4,144.0,5614.4,11.4,41.4,3.51,50,4,High,11,0,0,1,0,0,0,0,0,Bitter,Crispy,6,1.58,Summer,7,1,0,1,0,0,0,0,1,1,Indian,0,1,1,0,Neutral,Neutral
86,Ingredient_86,Nuts/Seeds,368,29.2,30.5,9.0,0.9,19.2,0.21,66.2,2.1,14.5,828.8,217.3,81.9,3.7,192.2,7252.8,16.0,25.9,0.23,44,5,High,33,0,1,0,1,0,0,0,1,Salty,Crispy,4,6.49,Winter,11,0,1,1,1,1,0,0,0,0,Global,1,0,1,0,Positive,Neutral
87,Ingredient_87,Oils,358,19.0,42.4,5.1,9.2,16.9,0.77,25.9,8.4,13.1,854.2,505.5,377.0,3.3,119.3,7807.5,13.5,11.9,0.67,35,16,High,30,0,0,1,0,0,0,0,0,Sour,Crunchy,1,0.82,Winter,15,1,1,0,0,1,0,0,1,0,Asian,1,0,1,0,Neutral,Negative
88,Ingredient_88,Herbs/Spices,190,22.8,39.0,1.8,2.0,12.4,0.45,92.2,3.6,10.8,469.9,661.8,88.2,5.3,80.2,6542.8,86.9,25.7,0.25,65,19,Medium,14,0,0,1,0,1,0,0,0,Sour,Chewy,1,6.83,Summer,19,1,1,1,0,1,0,1,0,0,Mexican,0,0,1,1,Neutral,Neutral
89,Ingredient_89,Vegetables,357,11.1,23.5,3.3,8.1,12.9,0.63,46.5,1.0,4.8,379.7,487.9,203.0,7.4,28.4,1825.6,9.6,15.7,1.17,74,7,Medium,53,0,0,1,1,0,0,0,0,Neutral,Firm,6,2.16,All year,11,1,1,1,0,0,0,1,0,1,Indian,1,1,0,0,Negative,Positive
90,Ingredient_90,Dairy,108,3.5,41.6,1.5,1.3,3.8,0.36,53.1,7.1,7.8,723.1,183.0,60.8,8.1,149.9,5490.8,64.6,7.7,0.62,21,16,Low,89,0,0,0,0,0,1,0,1,Sour,Creamy,2,9.2,Spring,16,0,0,0,1,1,1,0,1,1,Mediterranean,1,0,0,0,Neutral,Positive
91,Ingredient_91,Grains,239,15.1,17.0,14.5,2.5,0.8,0.16,39.6,10.4,8.4,37.9,186.6,262.6,2.8,58.4,1133.0,88.5,12.7,3.99,18,1,High,57,0,1,0,0,0,0,0,1,Neutral,Firm,0,1.59,Fall,9,0,0,1,0,1,0,1,0,0,Mediterranean,0,1,1,0,Positive,Positive
92,Ingredient_92,Herbs/Spices,34,2.5,4.7,9.2,4.7,4.8,0.38,56.6,14.5,3.7,180.3,358.3,181.3,3.0,133.4,1752.4,30.2,30.3,2.15,97,15,High,80,1,0,1,1,0,0,0,0,Bitter,Tender,10,9.73,Winter,10,0,0,1,0,1,0,1,1,1,Indian,0,0,1,1,Neutral,Negative
93,Ingredient_93,Dairy,200,25.7,45.8,21.7,9.6,15.6,0.21,36.6,13.2,2.6,281.4,877.4,483.3,7.6,27.3,5071.6,43.3,17.2,3.58,77,21,Low,13,0,1,0,0,0,0,0,0,Salty,Firm,8,9.38,Winter,15,1,1,1,1,1,1,1,1,1,Western,0,1,1,1,Neutral,Positive
94,Ingredient_94,Oils,239,27.0,0.2,19.0,5.3,13.0,0.17,69.0,0.6,2.4,8.2,883.2,126.5,0.8,126.7,9251.9,74.7,36.5,4.96,94,7,High,99,0,0,0,0,1,0,1,0,Sweet,Firm,10,8.49,Winter,13,0,1,1,0,0,1,0,0,1,Global,0,0,1,0,Neutral,Positive
95,Ingredient_95,Vegetables,338,11.8,32.4,2.8,8.7,15.5,0.86,62.1,6.4,13.4,987.9,799.4,69.5,6.4,177.7,7449.3,80.2,14.9,4.38,20,8,High,99,0,0,0,0,0,0,0,0,Savory,Firm,5,5.76,Fall,18,0,1,0,0,1,1,1,0,1,Mediterranean,1,0,0,1,Neutral,Positive
96,Ingredient_96,Protein,387,23.0,28.1,11.8,6.7,14.0,0.18,40.6,10.2,2.0,307.1,554.9,316.6,3.8,45.1,6398.9,97.2,28.7,3.46,33,19,Medium,50,0,1,0,0,1,0,1,0,Neutral,Soft,3,4.93,Spring,1,0,1,0,0,0,0,0,0,1,Indian,1,0,1,0,Positive,Positive
97,Ingredient_97,Vegetables,36,14.4,27.6,2.4,0.4,4.0,0.56,7.9,3.9,16.6,778.5,487.3,476.1,7.4,153.0,4358.2,30.3,3.2,0.58,43,1,Low,2,0,0,0,0,0,0,0,1,Bitter,Firm,8,7.94,Winter,18,1,1,0,0,1,1,0,1,1,Mexican,1,1,0,0,Neutral,Positive
98,Ingredient_98,Grains,284,8.9,8.8,14.9,0.3,18.4,0.29,58.1,11.0,0.2,711.9,735.3,303.9,3.0,54.2,4760.7,78.5,33.7,3.25,61,6,Low,59,1,1,0,0,0,0,0,0,Neutral,Creamy,2,3.16,Summer,12,0,1,1,0,1,0,1,1,1,Western,0,1,1,1,Neutral,Positive
99,Ingredient_99,Nuts/Seeds,218,1.7,4.4,9.2,6.0,7.5,0.61,27.8,7.3,10.7,786.2,524.0,469.6,9.8,38.1,8073.3,44.9,48.6,4.89,71,22,High,95,0,0,0,0,0,1,0,1,Bitter,Tender,8,6.55,Fall,9,1,1,1,1,1,0,0,1,0,Western,0,0,1,0,Positive,Neutral
100,Ingredient_100,Protein,124,0.8,4.2,23.8,7.8,8.2,0.09,95.3,14.7,3.4,516.7,550.5,321.0,5.1,19.0,2611.4,64.6,46.1,0.52,30,7,Low,41,0,0,0,0,0,0,0,1,Bitter,Soft,0,9.38,Spring,6,0,0,0,0,0,0,0,1,1,Global,1,1,1,0,Positive,Positive
101,Ingredient_101,Vegetables,142,20.2,18.3,8.8,2.9,19.4,0.87,94.3,0.5,6.8,249.4,977.4,57.3,5.6,123.5,3686.4,34.8,6.5,4.22,99,22,High,68,0,1,0,0,0,0,0,0,Sour,Firm,9,3.08,Winter,12,0,0,1,0,1,1,1,0,0,Asian,0,0,0,0,Neutral,Positive
102,Ingredient_102,Oils,153,0.7,39.8,8.4,9.9,10.4,0.3,32.8,6.4,7.2,12.2,636.6,474.1,3.6,193.2,3338.1,22.3,11.5,1.15,47,22,High,65,0,0,1,0,0,0,0,0,Salty,Crunchy,8,5.66,All year,14,1,1,1,1,1,1,0,1,1,Indian,1,1,1,1,Negative,Negative
103,Ingredient_103,Grains,294,23.9,30.5,25.9,3.1,0.5,0.46,53.3,6.3,10.2,685.0,18.2,280.3,1.7,154.7,2881.4,62.1,18.5,0.46,60,23,Medium,31,0,0,0,0,0,0,0,1,Savory,Creamy,2,5.6,All year,14,0,0,1,1,0,1,1,1,0,Global,0,1,0,1,Positive,Neutral
104,Ingredient_104,Fruits,102,23.4,13.1,24.5,4.1,16.3,0.08,50.5,4.3,19.2,912.9,179.9,456.4,2.0,30.1,5901.2,94.9,28.2,3.29,88,15,Low,66,0,0,0,1,0,0,0,0,Sweet,Crunchy,8,8.21,Spring,17,0,1,1,1,1,1,0,1,1,Indian,0,1,1,0,Positive,Neutral
105,Ingredient_105,Oils,129,13.3,36.1,0.8,7.6,17.8,0.18,93.2,1.5,5.6,361.8,417.4,70.0,9.5,98.7,3976.5,62.3,25.8,0.41,69,2,Low,94,0,0,1,0,1,0,0,0,Salty,Crispy,7,5.72,Fall,11,1,1,0,0,0,0,0,1,1,Global,0,0,1,1,Negative,Positive
106,Ingredient_106,Grains,379,17.7,40.2,18.6,0.2,9.0,0.71,95.4,14.4,10.6,816.4,334.0,58.8,5.4,158.7,3769.1,92.8,37.4,3.24,36,1,High,82,1,0,0,0,0,0,0,1,Salty,Firm,4,7.99,Summer,14,0,0,0,0,0,0,0,0,1,Mediterranean,0,0,0,0,Negative,Negative
107,Ingredient_107,Nuts/Seeds,128,24.0,32.3,26.0,6.8,10.8,0.78,4.6,14.2,10.9,632.4,369.7,58.5,6.0,130.2,2323.0,20.7,37.5,3.03,47,13,Medium,1,1,0,0,0,0,0,0,0,Salty,Crispy,0,3.1,Fall,13,0,1,1,1,0,1,0,0,0,Mexican,0,1,0,1,Negative,Neutral
108,Ingredient_108,Dairy,382,4.1,46.9,28.2,6.3,0.2,0.05,33.4,5.7,18.7,602.1,236.2,281.2,5.6,60.0,6311.1,3.2,18.2,2.28,41,6,High,63,0,0,0,0,0,0,0,0,Sweet,Creamy,6,6.2,Summer,11,1,0,1,1,0,1,0,1,0,Indian,1,1,1,0,Neutral,Neutral
109,Ingredient_109,Dairy,164,23.2,14.7,13.6,3.0,10.6,0.57,78.8,9.3,6.1,293.5,484.2,22.9,6.6,37.1,3217.7,87.2,33.0,1.37,76,0,High,11,1,1,1,0,0,0,0,0,Sour,Chewy,2,5.59,Winter,13,0,0,0,1,0,0,0,1,0,Indian,1,1,1,0,Neutral,Neutral
110,Ingredient_110,Oils,336,9.9,24.2,15.9,8.4,7.6,0.62,19.4,6.9,8.1,235.6,601.2,72.2,0.0,48.8,1059.5,30.4,23.3,1.19,4,19,Medium,17,1,1,0,0,1,0,0,0,Sweet,Creamy,3,2.68,Summer,15,0,0,0,1,0,0,1,0,1,Western,1,1,1,1,Negative,Positive
111,Ingredient_111,Protein,157,22.5,5.1,4.1,7.1,1.6,0.69,20.7,2.2,0.9,393.2,716.4,120.8,0.3,121.1,1040.0,3.4,5.9,0.3,14,16,Low,2,0,0,0,0,0,0,0,0,Sour,Firm,0,6.85,Winter,11,0,1,1,1,1,1,0,1,1,Mediterranean,0,0,1,0,Positive,Positive
112,Ingredient_112,Dairy,76,6.1,39.0,11.2,5.8,6.0,0.51,52.8,6.7,16.3,714.4,280.4,9.4,2.0,12.6,813.2,37.1,10.9,2.71,51,10,Medium,42,0,0,0,0,0,0,0,1,Bitter,Creamy,0,4.03,Fall,8,0,1,1,0,0,0,0,0,1,Asian,0,0,1,1,Negative,Positive
113,Ingredient_113,Fruits,265,10.1,43.3,19.6,2.4,15.7,0.95,2.4,12.2,0.7,205.3,925.0,263.4,6.8,171.4,3997.4,27.7,16.2,3.55,26,4,Medium,41,0,1,0,0,0,0,0,0,Bitter,Chewy,8,6.71,All year,2,0,0,1,0,0,0,1,0,0,Mediterranean,0,0,0,0,Neutral,Positive
114,Ingredient_114,Herbs/Spices,105,11.2,49.1,2.1,2.9,0.6,0.99,32.5,9.8,1.2,733.5,729.3,431.7,9.8,122.8,4363.9,26.3,17.7,3.5,58,19,Medium,0,0,0,0,0,0,0,0,1,Bitter,Crunchy,5,5.35,Summer,4,1,1,1,0,1,0,1,1,0,Indian,0,1,0,1,Negative,Neutral
115,Ingredient_115,Fruits,38,17.2,2.2,11.3,7.9,11.8,0.08,27.5,10.6,1.7,128.4,782.1,90.3,1.3,87.2,7343.0,34.1,23.9,1.46,20,14,Medium,29,0,0,0,0,0,0,0,0,Sour,Chewy,4,8.07,Fall,1,1,1,1,0,1,1,1,1,0,Western,1,1,1,0,Positive,Neutral
116,Ingredient_116,Dairy,152,26.3,27.0,29.9,2.3,1.1,0.5,11.8,9.7,5.5,875.0,58.0,353.8,5.7,197.4,362.8,25.2,15.7,0.44,32,0,Low,85,0,1,0,0,0,0,0,0,Salty,Soft,9,1.58,Spring,18,1,1,0,1,0,0,1,0,1,Mediterranean,0,0,1,1,Neutral,Positive
117,Ingredient_117,Oils,313,18.7,11.4,19.0,3.1,4.3,0.93,53.7,5.8,9.6,693.6,255.4,357.8,1.8,18.7,8838.6,65.4,16.9,2.42,7,23,High,50,0,0,1,0,0,0,0,0,Salty,Crispy,2,7.63,Winter,13,0,1,1,0,0,0,1,1,0,Global,1,0,1,0,Negative,Negative
118,Ingredient_118,Dairy,85,12.3,43.3,15.1,5.7,6.1,0.34,47.8,3.1,4.2,28.3,362.0,491.9,8.0,121.3,1459.4,10.0,20.8,1.66,57,23,High,10,0,1,0,0,0,0,0,0,Sour,Soft,4,0.71,Fall,8,0,0,0,1,1,1,1,1,0,Global,1,0,1,0,Negative,Positive
119,Ingredient_119,Fruits,188,24.7,36.2,25.7,4.2,19.8,0.53,54.7,13.4,18.6,610.3,675.3,66.5,9.3,87.3,430.1,52.0,38.2,2.86,13,10,High,68,0,0,0,0,0,0,0,0,Savory,Crunchy,6,7.97,Winter,7,0,0,0,0,0,0,1,1,1,Mediterranean,0,1,1,0,Neutral,Neutral
120,Ingredient_120,Herbs/Spices,363,19.9,42.0,18.9,1.9,4.0,0.43,49.4,10.4,6.9,511.6,818.2,252.6,0.3,173.2,7754.1,37.2,17.4,3.49,46,13,Medium,83,1,0,0,0,0,0,0,1,Neutral,Chewy,0,9.76,Spring,3,1,1,1,0,0,0,0,1,1,Mediterranean,1,0,1,0,Positive,Neutral
121,Ingredient_121,Grains,150,28.0,5.4,24.2,4.7,11.2,0.64,86.6,12.8,14.5,154.3,998.4,61.1,3.8,177.0,6873.8,80.2,47.8,1.28,62,7,Low,0,0,0,0,0,0,0,0,1,Sour,Crunchy,2,1.95,Spring,11,0,0,1,1,0,1,1,1,0,Mediterranean,0,0,0,0,Negative,Positive
122,Ingredient_122,Fruits,334,19.1,10.7,13.0,1.4,3.5,0.58,99.5,2.7,19.6,66.6,893.1,20.8,5.2,165.7,1147.2,15.3,32.6,1.4,86,4,Low,27,0,0,0,1,0,0,1,0,Bitter,Firm,9,1.66,All year,2,1,1,1,0,0,0,1,0,0,Mediterranean,1,0,1,0,Negative,Negative
123,Ingredient_123,Grains,256,22.6,3.1,16.3,2.0,16.9,0.61,38.4,12.7,8.4,743.5,518.8,12.1,0.2,132.9,3062.3,72.5,4.5,2.2,25,3,Medium,62,0,0,0,0,0,0,0,0,Salty,Crunchy,6,6.6,Fall,14,0,1,0,0,1,0,1,0,0,Mediterranean,0,0,0,1,Positive,Positive
124,Ingredient_124,Nuts/Seeds,17,10.9,43.0,19.3,6.1,18.5,0.11,2.0,9.3,11.9,65.9,954.3,68.8,6.2,50.4,9819.7,75.4,20.8,1.67,7,22,High,45,0,0,0,0,0,0,0,1,Neutral,Firm,3,8.61,Summer,18,1,1,1,1,0,1,0,0,0,Asian,1,0,0,0,Negative,Positive
125,Ingredient_125,Protein,121,11.0,19.4,28.7,7.1,7.3,0.4,81.6,3.1,0.4,761.6,923.7,71.6,0.5,186.5,3261.2,23.1,37.5,0.83,11,19,Medium,91,0,0,0,0,0,0,0,0,Savory,Crispy,1,2.35,Summer,5,1,1,0,0,0,0,0,0,1,Asian,0,1,0,0,Positive,Positive
126,Ingredient_126,Vegetables,355,12.4,48.6,1.6,4.9,5.7,0.38,20.0,4.7,19.8,489.2,804.2,261.3,0.7,129.6,3687.7,38.8,43.3,3.57,27,17,Medium,67,1,0,1,0,0,1,0,0,Bitter,Tender,0,7.74,Winter,14,1,1,1,1,1,0,0,1,0,Western,1,0,0,1,Neutral,Neutral
127,Ingredient_127,Dairy,286,7.2,31.0,2.2,1.4,8.2,0.71,39.4,9.8,2.3,397.9,5.9,13.8,8.5,180.5,1272.5,85.3,48.7,0.37,53,2,Medium,14,0,0,0,0,0,1,0,0,Savory,Tender,0,2.01,Winter,15,0,1,0,1,0,1,1,0,1,Western,1,0,0,0,Neutral,Positive
128,Ingredient_128,Nuts/Seeds,364,5.0,25.4,0.8,5.4,6.1,0.23,46.3,4.2,7.1,990.1,470.1,257.7,2.2,94.7,5754.3,43.1,22.5,1.4,10,6,High,26,0,0,1,0,0,0,0,0,Salty,Crispy,10,5.79,Winter,15,1,1,1,1,0,0,1,0,0,Global,0,0,1,0,Neutral,Negative
129,Ingredient_129,Fruits,224,19.7,1.5,4.0,8.6,19.5,0.11,87.0,13.0,3.3,956.4,733.1,165.7,5.4,87.1,741.6,57.8,34.7,4.81,96,16,High,66,0,0,0,0,0,0,0,1,Sweet,Crunchy,10,8.49,Spring,2,0,1,0,0,1,0,1,0,0,Mexican,1,1,1,1,Negative,Positive
130,Ingredient_130,Herbs/Spices,196,18.0,47.9,12.5,1.1,7.5,0.97,85.1,14.5,4.4,206.8,853.1,367.9,4.0,6.2,7146.7,98.3,14.0,1.66,36,9,Medium,15,1,0,0,0,0,0,0,0,Bitter,Creamy,5,2.91,All year,1,1,0,0,0,1,1,1,1,0,Mexican,0,0,1,0,Negative,Negative
131,Ingredient_131,Oils,278,16.9,25.7,14.0,6.0,19.8,0.44,33.8,7.4,19.0,710.3,377.8,423.0,8.9,114.2,6172.7,24.2,31.8,2.35,19,3,Low,67,0,0,0,1,0,0,0,0,Savory,Tender,9,8.34,Spring,4,1,0,0,0,1,0,0,0,0,Mexican,0,1,1,0,Negative,Neutral
132,Ingredient_132,Oils,322,10.0,45.3,16.5,6.1,1.1,0.28,98.9,13.9,8.0,435.3,482.3,368.6,7.4,18.7,4794.3,54.4,37.7,1.95,79,5,High,16,0,0,0,0,0,0,0,0,Sweet,Creamy,9,6.73,Fall,16,0,0,0,1,0,0,0,0,1,Global,1,0,1,0,Neutral,Neutral
133,Ingredient_133,Grains,346,23.5,38.3,7.3,0.3,4.2,0.41,73.8,0.7,5.5,816.4,378.3,27.1,9.8,29.0,8020.2,24.2,7.1,0.61,10,6,Low,45,0,1,0,0,0,0,1,0,Savory,Tender,6,5.29,Winter,13,0,0,1,0,1,1,1,0,0,Global,1,0,1,0,Neutral,Positive
134,Ingredient_134,Dairy,159,14.8,28.8,24.1,8.5,10.4,0.34,23.5,14.8,9.8,160.0,297.6,248.6,2.5,94.5,3410.1,2.7,42.7,4.53,73,13,High,69,0,0,0,0,0,0,0,0,Savory,Crunchy,4,4.6,Spring,9,0,1,1,0,0,0,0,0,1,Western,1,1,0,1,Positive,Neutral
135,Ingredient_135,Oils,114,25.5,14.5,2.5,8.4,15.2,0.38,27.0,5.2,19.9,285.7,139.3,139.2,9.9,88.9,9038.8,43.7,21.9,0.3,8,11,Medium,0,1,0,0,1,0,0,0,0,Savory,Soft,7,3.11,Summer,19,1,1,1,0,1,1,1,1,0,Global,1,1,0,1,Negative,Neutral
136,Ingredient_136,Protein,200,3.3,30.4,29.2,5.4,11.2,0.79,2.6,2.1,9.8,418.1,370.4,132.6,3.7,166.5,9312.2,59.8,8.0,1.16,7,22,Low,19,0,1,0,0,0,0,1,0,Bitter,Chewy,8,2.95,Summer,19,0,0,0,0,0,0,1,1,1,Global,0,1,1,1,Positive,Positive
137,Ingredient_137,Oils,15,1.6,12.0,8.5,2.4,6.4,0.23,35.5,5.2,19.9,891.6,441.4,19.0,7.2,127.8,7322.0,79.7,6.9,0.27,36,4,Medium,71,0,1,1,0,1,0,0,0,Savory,Chewy,3,2.81,Spring,1,0,1,1,0,1,1,1,0,1,Global,1,0,0,1,Neutral,Positive
138,Ingredient_138,Fruits,335,0.8,30.8,18.6,1.8,13.5,0.63,4.2,11.9,15.5,720.4,88.9,473.9,4.6,180.5,8372.9,77.6,42.0,0.99,91,7,High,66,1,1,0,0,0,0,0,0,Sweet,Tender,8,4.05,All year,5,1,1,0,0,1,0,1,1,0,Indian,0,1,1,0,Negative,Negative
139,Ingredient_139,Herbs/Spices,274,10.0,21.4,10.1,2.9,15.2,0.22,53.5,7.2,17.3,480.8,767.9,159.3,2.6,92.7,4164.7,27.1,19.3,3.06,64,24,Medium,14,0,0,0,0,0,0,0,0,Sour,Creamy,4,2.14,Spring,3,0,0,0,1,1,1,1,0,0,Indian,1,1,1,1,Positive,Negative
140,Ingredient_140,Herbs/Spices,283,0.0,27.2,9.9,4.8,8.8,0.58,66.6,2.3,3.9,791.6,261.2,203.3,6.6,128.5,858.6,97.9,44.0,0.09,59,3,High,85,1,0,0,0,0,0,0,0,Bitter,Chewy,0,4.45,Summer,2,1,0,1,0,1,0,0,1,0,Mexican,1,1,0,1,Neutral,Neutral
141,Ingredient_141,Nuts/Seeds,76,17.6,0.7,21.6,2.2,10.0,0.53,69.7,8.8,7.7,932.9,32.0,138.4,2.0,128.3,7.7,33.4,40.9,1.59,97,14,High,31,0,0,0,1,0,0,0,0,Savory,Crispy,2,5.42,Winter,13,1,1,1,0,1,0,0,1,0,Mediterranean,1,0,0,1,Positive,Negative
142,Ingredient_142,Vegetables,55,23.2,42.8,2.2,6.2,9.4,0.74,25.7,9.0,1.1,739.6,772.0,387.3,6.3,154.7,6741.8,84.1,27.5,4.58,83,4,Medium,31,0,1,0,0,0,0,0,0,Savory,Crunchy,6,9.14,Winter,7,0,0,0,0,1,0,1,0,1,Mexican,1,0,1,0,Neutral,Positive
143,Ingredient_143,Dairy,40,12.2,39.6,22.8,9.3,11.3,0.5,5.3,11.4,9.5,788.4,809.1,149.3,7.7,178.7,7224.7,43.8,12.8,0.5,39,19,Medium,39,0,0,0,1,0,1,0,0,Neutral,Firm,6,9.83,Fall,14,0,0,0,1,0,0,0,1,1,Global,0,0,0,1,Positive,Positive
144,Ingredient_144,Nuts/Seeds,165,16.1,6.9,1.2,1.2,13.7,0.52,41.5,1.3,6.4,449.8,479.4,167.2,4.2,138.0,4545.8,63.4,39.3,1.69,20,11,Medium,48,0,0,1,1,0,0,0,0,Salty,Tender,9,9.93,Summer,16,0,0,0,0,1,1,1,0,1,Indian,0,0,0,1,Negative,Neutral
145,Ingredient_145,Protein,129,10.5,4.2,4.8,5.2,15.9,0.06,40.5,8.3,3.6,340.1,947.4,315.7,8.1,49.2,1294.3,39.3,48.8,0.02,65,14,Medium,70,1,0,0,0,0,1,1,0,Sour,Soft,5,8.36,Summer,15,1,0,0,0,1,0,0,1,0,Indian,0,1,1,1,Negative,Negative
146,Ingredient_146,Vegetables,79,28.2,39.2,23.7,4.5,16.9,0.2,21.6,1.9,15.8,882.5,980.8,144.6,4.8,3.4,4418.9,11.5,48.8,3.09,94,12,High,91,0,0,0,1,0,0,0,0,Savory,Crunchy,6,5.83,Winter,7,1,1,0,1,0,1,0,0,0,Asian,0,1,0,1,Negative,Positive
147,Ingredient_147,Dairy,11,22.5,22.1,8.0,5.2,14.4,0.25,46.5,5.2,18.3,837.4,860.9,11.8,8.4,182.9,9211.6,46.0,13.6,1.89,50,3,Low,90,1,0,0,1,0,0,0,0,Sour,Chewy,7,4.71,All year,5,1,1,0,1,1,0,1,0,0,Mexican,0,1,1,0,Negative,Negative
148,Ingredient_148,Vegetables,264,20.6,8.6,12.2,2.5,10.3,0.93,51.1,12.6,13.7,171.9,686.6,416.3,5.9,186.7,5368.8,0.8,9.5,0.27,79,8,Low,8,0,0,1,1,0,0,0,0,Sweet,Crispy,2,2.72,Summer,4,0,1,0,0,0,1,0,0,1,Indian,1,1,0,0,Positive,Negative
149,Ingredient_149,Oils,103,10.9,0.4,18.0,5.4,12.7,0.56,98.4,2.0,18.5,71.9,64.1,476.5,5.8,176.7,7656.9,20.2,33.4,2.7,1,21,Low,64,0,0,0,1,0,0,0,1,Salty,Crunchy,0,4.14,Fall,1,0,1,1,1,1,1,1,1,1,Mexican,1,0,0,1,Neutral,Positive
150,Ingredient_150,Dairy,278,10.4,35.6,14.2,5.7,5.5,0.92,6.4,0.1,7.3,161.1,826.5,280.9,3.2,77.5,1961.0,62.1,21.4,3.84,37,17,High,31,0,0,0,0,0,0,0,0,Salty,Creamy,10,6.04,Spring,1,1,0,1,0,1,0,1,1,0,Indian,1,0,1,0,Neutral,Positive
151,Ingredient_151,Herbs/Spices,368,11.9,44.3,4.8,6.9,17.1,0.9,27.5,14.3,7.7,417.2,780.8,174.1,9.2,32.2,1840.1,5.6,25.7,2.55,38,6,High,17,0,0,0,0,0,0,0,1,Sour,Crispy,0,9.27,Summer,10,1,1,0,0,1,1,1,0,1,Asian,1,1,0,1,Neutral,Neutral
152,Ingredient_152,Dairy,296,17.8,9.4,13.4,8.5,11.2,0.04,35.5,4.6,3.8,550.3,906.9,357.3,2.6,54.3,2010.2,81.5,38.9,3.93,8,20,Low,79,0,0,0,1,0,0,0,0,Sweet,Soft,0,1.22,Summer,3,1,1,0,0,0,0,0,0,0,Global,0,0,0,0,Negative,Positive
153,Ingredient_153,Fruits,289,29.7,16.4,7.7,0.5,7.0,0.54,94.2,8.0,5.6,147.1,790.6,465.9,3.0,38.3,2950.5,99.3,27.8,0.47,12,12,Medium,74,1,1,0,0,0,0,0,0,Sweet,Crispy,3,7.25,Spring,2,1,1,1,0,1,0,1,0,0,Asian,1,0,1,0,Neutral,Neutral
154,Ingredient_154,Herbs/Spices,164,19.4,45.0,26.8,7.3,11.7,0.81,64.0,6.5,1.9,524.4,159.0,167.7,7.9,168.9,2916.1,2.8,38.5,2.36,11,10,Low,28,0,0,0,0,0,0,0,1,Salty,Creamy,9,1.43,Spring,14,0,0,0,1,1,1,0,1,0,Asian,1,0,1,1,Negative,Neutral
155,Ingredient_155,Protein,159,3.3,37.9,3.3,7.5,2.0,0.34,48.0,11.2,16.3,537.7,924.4,65.4,1.2,83.2,9460.1,28.9,12.3,4.95,27,20,Medium,42,1,0,0,0,1,0,0,0,Sweet,Crispy,5,5.77,Fall,10,1,0,1,1,0,1,0,1,1,Mexican,0,1,1,1,Negative,Neutral
156,Ingredient_156,Oils,102,9.9,5.0,21.5,2.1,9.1,0.63,54.5,9.8,19.6,605.1,6.8,439.4,9.4,162.5,6976.2,4.5,13.5,2.54,32,0,Medium,93,1,0,0,0,0,0,0,0,Savory,Soft,9,2.59,Spring,13,0,1,1,1,0,0,0,1,0,Mediterranean,0,1,1,1,Neutral,Positive
157,Ingredient_157,Herbs/Spices,340,29.7,47.3,16.7,8.8,17.2,0.72,6.8,10.9,13.5,512.3,984.2,118.6,1.3,170.6,4173.8,10.7,1.4,3.4,58,14,High,15,0,1,0,0,0,1,0,0,Neutral,Crunchy,2,2.49,All year,2,0,1,0,1,0,1,0,0,0,Indian,0,0,1,0,Negative,Neutral
158,Ingredient_158,Vegetables,341,28.2,17.1,13.3,10.0,11.9,0.21,66.8,1.4,1.3,29.9,396.9,365.7,1.6,148.5,5431.8,40.1,3.5,2.91,9,21,High,80,0,0,0,1,1,0,0,0,Sour,Chewy,8,6.16,Spring,12,0,0,0,1,1,1,1,1,0,Mexican,1,1,1,1,Neutral,Positive
159,Ingredient_159,Dairy,383,22.6,4.1,11.5,1.2,14.2,0.78,28.8,6.7,15.0,959.4,87.0,498.6,6.5,24.4,1104.6,67.4,2.7,0.27,14,18,Low,21,0,0,1,0,0,0,0,0,Salty,Soft,5,9.65,Summer,5,0,0,0,1,1,1,0,0,0,Mediterranean,0,0,1,1,Negative,Negative
160,Ingredient_160,Herbs/Spices,327,24.3,7.8,5.0,3.9,0.1,0.08,62.8,5.3,18.4,776.7,496.7,80.5,3.5,145.9,450.8,8.3,36.4,3.43,22,5,High,75,0,0,0,1,0,0,0,0,Sour,Crunchy,2,5.38,Fall,16,0,0,1,1,0,1,0,1,1,Western,1,1,0,0,Positive,Neutral
161,Ingredient_161,Dairy,267,5.1,37.6,0.7,4.6,16.3,0.98,27.7,11.9,2.5,630.7,393.7,410.2,3.2,145.7,994.7,75.2,35.0,2.8,14,14,High,54,0,0,0,0,0,0,0,0,Salty,Firm,0,4.4,All year,5,0,1,0,0,1,1,0,1,1,Asian,1,0,1,0,Neutral,Positive
162,Ingredient_162,Herbs/Spices,223,2.5,49.0,10.3,7.1,0.4,0.67,13.6,2.4,18.3,550.3,135.9,319.9,1.2,65.1,3359.6,48.8,21.7,1.07,5,1,Medium,91,0,1,0,0,0,0,0,0,Neutral,Tender,8,2.18,Spring,19,0,1,0,0,0,1,1,0,0,Western,1,1,0,0,Neutral,Neutral
163,Ingredient_163,Dairy,377,16.5,11.5,21.0,5.7,18.8,0.47,17.7,7.1,8.7,82.9,32.5,241.1,0.4,88.8,2764.1,76.3,48.7,3.03,50,15,Low,82,0,0,0,1,0,0,0,1,Neutral,Chewy,5,4.98,Winter,15,1,0,0,0,0,1,1,1,0,Western,0,1,1,1,Positive,Neutral
164,Ingredient_164,Vegetables,394,22.0,18.1,17.8,9.3,14.0,0.37,23.6,4.7,4.0,680.0,403.4,165.6,2.8,25.7,6753.4,96.3,2.8,1.77,45,20,High,16,1,0,0,0,0,0,0,1,Sweet,Firm,1,3.18,Winter,3,0,0,0,0,1,0,0,0,0,Indian,0,1,1,1,Negative,Positive
165,Ingredient_165,Protein,237,3.1,0.0,24.9,3.6,13.0,0.17,20.3,2.6,16.6,284.2,160.8,424.1,9.6,130.9,7074.0,61.7,49.1,0.76,85,2,High,78,0,0,1,0,1,0,0,1,Bitter,Creamy,3,8.73,Winter,6,0,0,1,0,1,0,0,0,0,Western,1,0,1,1,Neutral,Positive
166,Ingredient_166,Fruits,232,12.1,1.0,29.2,1.1,14.3,0.57,20.1,7.0,2.0,453.0,279.5,193.0,9.2,170.2,573.7,6.4,31.0,0.76,24,15,Medium,29,0,1,1,1,0,0,1,0,Bitter,Crispy,5,7.42,Summer,3,0,0,1,1,0,0,1,0,0,Western,1,1,0,1,Positive,Neutral
167,Ingredient_167,Herbs/Spices,266,26.5,32.9,15.1,8.6,5.1,0.32,39.1,7.2,0.6,27.3,688.4,342.4,2.4,62.8,9778.2,64.7,39.2,1.53,48,24,Low,46,0,0,0,0,0,0,0,1,Neutral,Crispy,3,1.13,All year,18,1,0,1,1,0,1,0,0,0,Western,0,1,0,1,Positive,Negative
168,Ingredient_168,Vegetables,95,15.8,14.5,16.8,1.7,7.6,0.37,11.7,5.7,19.1,258.6,509.4,205.6,0.6,76.1,7432.9,3.1,6.2,1.54,37,19,Medium,62,1,0,0,1,0,0,0,0,Savory,Tender,8,6.33,Spring,17,0,0,1,1,1,1,0,1,0,Western,1,0,1,0,Positive,Positive
169,Ingredient_169,Oils,399,10.3,14.3,19.5,3.0,9.0,0.84,50.1,5.3,1.5,338.5,281.2,290.6,1.4,120.3,8635.2,54.3,12.2,2.13,72,3,Low,86,0,0,1,0,1,0,0,1,Sweet,Creamy,1,0.98,Fall,6,0,0,0,1,1,1,0,0,0,Asian,1,1,1,1,Positive,Neutral
170,Ingredient_170,Nuts/Seeds,213,2.5,28.4,12.9,9.9,12.8,0.39,86.5,13.4,8.0,180.8,364.1,332.2,7.7,190.3,397.2,0.5,22.1,2.3,93,21,Medium,80,0,0,0,0,0,0,0,0,Sour,Tender,7,8.83,All year,5,1,1,0,0,0,1,1,1,0,Western,1,0,0,0,Neutral,Positive
171,Ingredient_171,Oils,258,7.0,48.7,7.6,8.6,7.6,0.46,28.6,4.8,14.9,920.5,739.6,218.9,4.3,168.8,7448.1,31.3,8.3,2.26,97,18,Medium,57,1,0,0,1,0,0,0,0,Sweet,Tender,10,9.7,Fall,14,0,0,0,1,1,1,0,1,0,Indian,1,1,0,1,Neutral,Neutral
172,Ingredient_172,Grains,99,0.8,17.5,27.4,4.5,10.4,0.95,73.1,9.4,17.3,344.9,658.0,416.4,4.0,9.1,8777.5,59.5,30.8,1.05,46,6,Medium,85,0,0,1,0,0,0,0,0,Sour,Tender,1,3.36,Fall,8,1,1,0,1,1,1,0,1,0,Asian,1,0,0,0,Negative,Positive
173,Ingredient_173,Grains,365,26.0,19.4,1.3,2.3,6.6,0.07,71.1,3.7,13.8,89.2,74.4,396.2,8.5,83.9,3015.5,57.0,0.3,2.14,31,22,High,68,0,0,0,0,0,0,0,1,Neutral,Chewy,10,1.44,Summer,9,0,1,1,1,0,0,1,1,0,Mediterranean,0,1,0,0,Negative,Positive
174,Ingredient_174,Herbs/Spices,348,25.4,37.4,6.5,0.7,7.7,0.98,3.3,7.4,6.2,559.3,639.0,243.3,2.2,9.4,2899.0,32.4,16.7,2.1,93,14,Low,64,0,0,1,1,0,0,0,0,Neutral,Firm,6,4.23,All year,12,0,0,1,1,1,1,1,1,0,Global,1,1,1,0,Positive,Positive
175,Ingredient_175,Dairy,351,18.2,49.8,19.8,9.2,7.2,0.78,60.9,8.2,9.2,10.7,658.7,52.4,8.8,111.2,6104.6,66.1,32.1,2.92,87,12,High,99,0,0,0,0,1,0,0,0,Salty,Soft,7,3.75,Fall,9,1,1,1,0,1,0,1,0,0,Mexican,1,0,1,1,Negative,Negative
176,Ingredient_176,Dairy,63,8.7,19.8,11.8,9.0,11.3,0.74,15.3,2.5,9.7,263.8,380.5,253.8,8.9,50.0,3784.5,43.6,14.4,1.38,29,5,Medium,11,1,0,0,1,0,1,0,0,Savory,Chewy,10,8.17,Summer,16,1,0,1,0,0,1,1,0,0,Global,0,0,1,0,Positive,Positive
177,Ingredient_177,Vegetables,391,7.0,42.8,0.1,5.6,18.4,0.4,15.6,4.4,7.2,218.2,997.7,329.4,3.6,118.4,8093.0,22.2,33.3,1.32,1,12,Low,73,1,0,0,0,0,0,0,0,Savory,Tender,1,3.3,All year,6,1,1,0,1,1,1,1,0,0,Asian,0,1,1,1,Neutral,Negative
178,Ingredient_178,Nuts/Seeds,32,18.9,28.9,29.0,4.4,7.3,0.72,20.4,2.9,12.9,195.1,102.0,407.6,7.4,58.5,5943.9,17.9,47.6,2.79,56,15,Low,33,1,0,1,1,0,0,0,1,Neutral,Chewy,3,4.96,All year,9,0,0,1,0,1,1,0,1,0,Mediterranean,0,1,0,1,Negative,Neutral
179,Ingredient_179,Herbs/Spices,194,12.7,35.8,9.8,5.7,3.2,0.81,67.0,12.8,15.5,320.1,121.8,214.3,6.2,156.7,7288.2,22.3,24.9,1.67,10,14,High,52,1,0,0,0,0,0,0,0,Sour,Crunchy,8,1.25,Fall,14,1,0,1,0,0,0,1,1,1,Indian,0,1,0,1,Negative,Negative
180,Ingredient_180,Protein,18,10.5,35.9,16.9,6.8,18.2,0.3,82.6,12.4,3.3,353.5,655.7,397.8,5.0,0.8,6540.8,75.0,26.0,2.53,99,18,Low,20,0,0,0,0,0,0,0,0,Sweet,Creamy,3,3.0,Winter,18,0,1,1,0,0,0,0,0,1,Western,0,1,0,0,Negative,Negative
181,Ingredient_181,Herbs/Spices,248,10.8,38.5,7.8,6.3,1.8,0.85,12.2,13.3,0.9,124.1,586.9,177.4,0.3,16.0,5898.9,62.5,50.0,2.53,46,24,Medium,21,0,1,0,0,0,0,0,0,Salty,Soft,9,2.79,All year,18,0,1,0,1,1,0,1,0,1,Mediterranean,1,1,1,0,Negative,Negative
182,Ingredient_182,Nuts/Seeds,153,22.6,24.6,13.6,8.2,1.6,0.4,91.3,12.6,0.6,39.8,46.8,390.4,3.3,182.2,2707.3,30.2,27.1,3.71,54,20,High,92,0,0,0,0,0,0,0,0,Neutral,Crispy,0,2.6,All year,7,0,1,0,0,1,1,0,0,0,Asian,1,0,1,0,Positive,Positive
183,Ingredient_183,Herbs/Spices,73,10.3,48.5,23.6,1.5,7.4,0.92,44.5,3.6,12.1,790.9,714.3,351.7,3.4,40.2,7572.7,92.0,30.2,4.7,27,5,Medium,33,0,0,0,0,0,0,0,0,Savory,Firm,3,3.25,Fall,14,1,1,0,0,1,0,1,1,1,Mediterranean,1,1,1,0,Positive,Negative
184,Ingredient_184,Nuts/Seeds,249,16.9,27.1,25.9,7.1,11.0,0.91,88.3,5.5,6.6,288.2,180.5,78.3,2.1,72.9,9684.7,47.3,21.2,3.82,58,1,High,1,0,1,0,0,0,0,0,0,Bitter,Chewy,8,5.87,Winter,6,0,0,0,0,0,1,1,1,0,Mexican,1,0,1,1,Positive,Positive
185,Ingredient_185,Protein,34,0.9,18.5,6.9,8.2,10.8,0.08,83.3,1.7,19.1,489.4,519.4,169.8,8.3,19.3,4052.6,12.6,35.0,0.48,21,9,High,0,1,0,0,0,0,0,0,1,Savory,Tender,8,5.84,Fall,15,0,1,1,1,0,1,1,1,1,Asian,0,0,1,1,Negative,Negative
186,Ingredient_186,Nuts/Seeds,351,25.5,7.7,3.8,4.5,1.7,0.78,87.5,13.4,16.1,438.5,507.9,142.1,3.5,185.0,836.3,55.9,43.9,2.85,47,7,High,76,0,0,0,1,0,0,1,0,Bitter,Tender,8,6.58,Fall,1,0,0,0,1,1,0,0,0,1,Western,1,1,0,0,Neutral,Negative
187,Ingredient_187,Dairy,220,5.4,48.3,24.5,3.6,17.1,0.33,56.1,9.3,7.1,816.2,418.1,289.1,3.6,23.4,7478.9,86.1,44.1,0.48,97,4,High,60,0,0,0,0,0,0,0,1,Salty,Tender,6,8.49,All year,17,1,0,0,0,1,1,0,0,0,Global,1,0,1,1,Neutral,Neutral
188,Ingredient_188,Fruits,188,10.6,32.8,5.6,7.8,8.7,0.68,61.0,3.6,10.7,862.1,466.4,154.3,3.6,118.4,9834.5,10.2,22.0,0.15,53,4,Low,78,0,0,0,0,0,0,0,0,Neutral,Tender,2,6.27,Fall,19,1,0,0,1,1,1,0,1,1,Asian,0,0,1,0,Negative,Positive
189,Ingredient_189,Grains,142,12.0,20.4,15.5,4.5,8.5,0.65,3.9,8.8,0.2,793.6,736.1,248.0,9.5,193.8,2652.5,1.1,34.8,4.8,57,19,Medium,87,0,0,0,0,0,1,0,0,Neutral,Chewy,1,7.29,All year,1,1,0,1,1,0,1,1,1,0,Indian,1,1,1,1,Positive,Positive
190,Ingredient_190,Fruits,394,5.3,22.4,8.4,9.6,0.2,0.52,36.7,11.0,11.5,229.2,197.8,93.2,6.2,52.1,3824.2,59.4,1.2,1.92,0,2,Medium,66,0,0,1,0,0,0,1,0,Salty,Crispy,2,4.31,Fall,15,1,0,1,1,0,0,1,1,1,Global,1,1,1,1,Neutral,Positive
191,Ingredient_191,Fruits,267,3.3,20.3,15.6,1.2,1.2,0.94,57.0,4.7,4.5,946.7,506.8,88.9,5.3,5.1,2738.4,87.1,23.5,0.25,61,15,High,33,1,0,0,1,0,0,0,0,Sweet,Creamy,6,0.8,Winter,3,1,1,1,0,1,0,1,1,1,Mexican,0,0,1,1,Neutral,Neutral
192,Ingredient_192,Oils,330,11.4,3.2,1.2,5.7,15.0,0.42,67.2,7.4,9.1,48.4,88.4,68.8,9.3,91.5,6748.1,9.1,34.3,3.93,29,2,Low,4,0,0,0,0,0,0,0,1,Neutral,Crunchy,9,3.19,Spring,2,0,0,1,0,0,1,0,0,1,Mediterranean,1,1,1,0,Positive,Neutral
193,Ingredient_193,Nuts/Seeds,80,18.3,42.1,25.9,0.2,3.6,0.5,52.0,14.5,11.9,865.1,319.5,275.4,3.2,173.7,302.2,55.8,37.7,3.08,18,6,High,62,0,0,0,0,0,0,1,0,Salty,Crunchy,10,0.99,Spring,19,1,1,0,0,1,1,1,1,0,Mexican,1,1,1,1,Positive,Neutral
194,Ingredient_194,Oils,385,0.9,23.2,21.0,9.7,2.6,0.71,58.6,4.3,5.1,219.0,733.6,471.7,6.0,108.1,1048.4,99.9,24.6,1.31,51,7,Low,46,0,0,0,0,0,1,0,0,Neutral,Firm,2,6.25,Winter,5,0,0,0,1,1,0,1,1,0,Global,1,1,0,0,Negative,Positive
195,Ingredient_195,Protein,216,27.5,4.8,11.9,7.1,1.9,0.57,44.6,9.6,12.8,382.4,608.2,124.9,5.1,2.2,6270.9,78.2,11.4,2.1,70,17,High,83,0,0,1,0,1,0,0,0,Neutral,Firm,7,2.68,Winter,10,1,1,1,1,0,1,0,0,0,Mexican,1,1,1,0,Negative,Negative
196,Ingredient_196,Grains,62,5.8,21.3,13.4,3.2,18.2,0.18,26.7,12.4,5.4,889.6,690.3,121.8,4.9,140.4,3707.8,54.7,12.0,1.99,1,15,Medium,70,0,0,0,1,0,0,0,0,Bitter,Chewy,10,2.41,Summer,1,1,1,0,0,0,0,1,1,1,Mexican,0,1,0,1,Negative,Neutral
197,Ingredient_197,Herbs/Spices,250,12.2,38.7,2.9,6.4,3.7,0.59,77.5,0.2,15.1,944.8,295.9,91.7,9.4,32.1,3552.0,88.3,6.8,2.19,29,10,High,88,0,1,0,1,0,0,0,0,Sour,Soft,10,7.37,Winter,14,1,0,0,1,1,0,1,0,0,Mexican,0,1,1,1,Neutral,Positive
198,Ingredient_198,Nuts/Seeds,245,18.7,41.9,10.0,6.7,6.7,0.19,90.9,7.3,13.7,653.7,1.9,74.9,3.2,170.9,3957.3,4.4,45.0,3.2,52,17,High,17,0,1,0,0,0,0,1,0,Savory,Crunchy,3,8.52,Spring,17,1,0,1,1,1,1,1,1,0,Western,0,1,0,0,Negative,Neutral
199,Ingredient_199,Oils,343,2.0,43.4,5.4,1.6,2.1,0.28,95.0,10.8,19.3,285.3,379.0,315.1,8.5,53.8,6581.5,62.7,16.6,2.21,81,4,Low,44,0,0,1,0,0,0,0,0,Neutral,Crispy,5,8.19,Winter,3,0,0,1,0,0,1,1,1,0,Mexican,1,1,0,1,Negative,Neutral
200,Ingredient_200,Oils,127,24.0,43.1,15.0,5.0,4.1,0.52,78.1,10.4,11.8,960.7,25.8,194.6,4.3,124.9,995.6,65.0,13.2,3.8,13,11,Low,14,0,0,0,1,0,0,0,0,Sour,Firm,1,6.46,Fall,7,0,0,1,1,1,1,0,0,1,Mexican,1,1,1,1,Negative,Positive
